number,order_line,reference,delivery_date,time_gap,description,model,quantity,color,dimensions
1,1.1,536300,15:09 h,00:00 h,Pneumatic ADN-40-60-A-P-A,L-fit cylinder,1,Grey Metal,13.01 x 5.45 x 5.45 cm
2,2.1,536301,15:09 h,00:00 h,Pneumatic ADN-40-60-A-P-A,Push-in cylinder,2,Grey Metal,13.01 x 5.45 x 5.45 cm
3,3.1,536302,15:20 h,00:11 h,Pneumatic ADN-40-60-A-P-A,Complex cylinder,3,Grey Metal,13.01 x 5.45 x 5.45 cm
4,4.1,536303,15:38 h,00:29 h,Pneumatic ADN-40-60-A-P-A,Push-in cylinder,2,Grey Metal,13.01 x 5.45 x 5.45 cm
5,5.1,536304,15:16 h,00:07 h,Pneumatic ADN-40-60-A-P-A,Dual-fit cylinder,1,Grey Metal,13.01 x 5.45 x 5.45 cm
6,6.1,536305,15:30 h,00:21 h,Pneumatic ADN-40-60-A-P-A,Push-in cylinder,1,Grey Metal,13.01 x 5.45 x 5.45 cm
7,7.1,536306,15:36 h,00:27 h,Pneumatic ADN-40-60-A-P-A,Complex cylinder,1,Grey Metal,13.01 x 5.45 x 5.45 cm
8,8.1,536307,15:30 h,00:21 h,Pneumatic ADN-40-60-A-P-A,Dual-fit cylinder,1,Grey Metal,13.01 x 5.45 x 5.45 cm
9,9.1,536308,15:28 h,00:19 h,Pneumatic ADN-40-60-A-P-A,Complex cylinder,2,Grey Metal,13.01 x 5.45 x 5.45 cm
10,10.1,536309,15:24 h,00:15 h,Pneumatic ADN-40-60-A-P-A,L-fit cylinder,1,Grey Metal,13.01 x 5.45 x 5.45 cm
11,11.1,536310,15:34 h,00:25 h,Pneumatic ADN-40-60-A-P-A,Push-in cylinder,2,Grey Metal,13.01 x 5.45 x 5.45 cm
12,12.1,536311,15:33 h,00:24 h,Pneumatic ADN-40-60-A-P-A,Complex cylinder,3,Grey Metal,13.01 x 5.45 x 5.45 cm
13,13.1,536312,15:22 h,00:13 h,Pneumatic ADN-40-60-A-P-A,Dual-fit cylinder,1,Grey Metal,13.01 x 5.45 x 5.45 cm
14,14.1,536313,15:36 h,00:27 h,Pneumatic ADN-40-60-A-P-A,Push-in cylinder,1,Grey Metal,13.01 x 5.45 x 5.45 cm
15,15.1,536314,15:20 h,00:11 h,Pneumatic ADN-40-60-A-P-A,Complex cylinder,1,Grey Metal,13.01 x 5.45 x 5.45 cm
16,16.1,536315,15:31 h,00:22 h,Pneumatic ADN-40-60-A-P-A,L-fit cylinder,2,Grey Metal,13.01 x 5.45 x 5.45 cm
17,17.1,536316,15:29 h,00:20 h,Pneumatic ADN-40-60-A-P-A,Push-in cylinder,2,Grey Metal,13.01 x 5.45 x 5.45 cm
18,18.1,536317,15:31 h,00:22 h,Pneumatic ADN-40-60-A-P-A,Dual-fit cylinder,3,Grey Metal,13.01 x 5.45 x 5.45 cm
19,19.1,536318,15:11 h,00:02 h,Pneumatic ADN-40-60-A-P-A,Complex cylinder,3,Grey Metal,13.01 x 5.45 x 5.45 cm
20,20.1,536319,15:15 h,00:06 h,Pneumatic ADN-40-60-A-P-A,Push-in cylinder,2,Grey Metal,13.01 x 5.45 x 5.45 cm
